{"cameraMode":{"drawMode":2,"name":"Shaded Wireframe","section":"Shading Mode"},"sceneLighting":true,"audioPlay":false,"sceneViewState":{"showFog":true,"showMaterialUpdate":false,"showSkybox":true,"showFlares":true,"showImageEffects":true,"showParticleSystems":true},"in2DMode":false,"pivot":{"x":78.74278259277344,"y":-38.462013244628909,"z":129.92465209960938},"rotation":{"x":0.11997964978218079,"y":0.25616762042045596,"z":-0.0320625901222229,"w":0.9586213827133179},"size":159.96446228027345,"orthographic":false}