{"cameraMode":{"drawMode":0,"name":"Shaded","section":"Shading Mode"},"sceneLighting":true,"audioPlay":false,"sceneViewState":{"showFog":true,"showMaterialUpdate":false,"showSkybox":true,"showFlares":true,"showImageEffects":true,"showParticleSystems":true},"in2DMode":false,"pivot":{"x":796.16162109375,"y":-674.1927490234375,"z":-528.074462890625},"rotation":{"x":0.13611869513988496,"y":0.8427938222885132,"z":-0.25163179636001589,"w":0.4559076726436615},"size":1547.9261474609375,"orthographic":false}